user_id,url,Food,Fashion,Make-up,Beauty,Lifestyle,Luxury,Travel,Photography,Fitness,Sports,Gaming,Entertainment,Gadgets & Tech,Finance,Education,Animal/Pet,Health,Self Improvement,Art,Parenting,Books,genuinity_score,top keywords
127,https://www.instagram.com/abhiruchipandey/,2.0,12.0,6.0,4.0,4.0,3.0,15.0,2.0,6.0,5.0,1.0,5.0,4.0,2.0,2.0,3.0,3.0,10.0,4.0,6.0,3.0,75,"blogger,styling,travel,curvy,one,also,love,picture,right,time,know,day,last,zara,life,something,vogue,streetwear,urbanwear,cosmopolitan"
128,https://www.instagram.com/thebasic_culture/,3.0,8.0,5.0,5.0,6.0,3.0,5.0,1.0,17.0,4.0,1.0,3.0,3.0,2.0,3.0,3.0,8.0,9.0,3.0,5.0,3.0,71,"lookbook,one,make,time,workout,much,day,hair,look,feel,lifestyle,lifting,yle,superfoods,get,good,also,always,us,year"
132,https://www.instagram.com/vipul_juneja/,2.0,7.0,5.0,4.0,7.0,4.0,12.0,2.0,7.0,5.0,2.0,3.0,5.0,2.0,4.0,3.0,3.0,8.0,4.0,5.0,5.0,93,"get,new,india,vaibhav,look,time,love,bio,style,link,guys,best,men,weekend,amazing,products,one,skin,day,arrow"
134,https://www.instagram.com/theleggylass/,2.0,11.0,6.0,9.0,7.0,3.0,12.0,2.0,5.0,4.0,1.0,5.0,5.0,1.0,2.0,3.0,2.0,7.0,3.0,5.0,3.0,65,"pune,love,happy,mumbai,weekend,blogger,look,style,fashion,makeup,delhi,beautiful,diwali,pretty,cute,get,bangalore,sexy,day,https"
135,https://www.instagram.com/akanksharedhu/,3.0,5.0,5.0,9.0,9.0,7.0,16.0,2.0,5.0,3.0,1.0,4.0,5.0,1.0,2.0,3.0,3.0,6.0,3.0,4.0,4.0,67,"fashionista,traveler,aman,pic,stories,today,goa,love,link,new,see,travelog,get,day,foodie,srilanka,blog,http,sunset,beach"
136,https://www.instagram.com/truefashionholic/,3.0,6.0,9.0,9.0,4.0,4.0,7.0,2.0,7.0,4.0,1.0,4.0,6.0,3.0,3.0,4.0,4.0,9.0,5.0,5.0,4.0,86,"makeup,get,code,sugar,skin,love,fashionista,fashion,shade,one,https,shades,look,additional,link,discounts,lipstick,lips,purchases,also"
138,https://www.instagram.com/fatgirlkitchenchronicle/,24.0,3.0,5.0,3.0,1.0,1.0,4.0,2.0,4.0,2.0,1.0,7.0,10.0,1.0,1.0,2.0,3.0,18.0,2.0,3.0,4.0,72,"hai,food,foodie,india,ke,kar,apna,lagta,acha,comment,tasty,tag,delhi,blogger,mein,cake,recipe,ni,ki,ho"
141,https://www.instagram.com/ankit.duhan/,2.0,9.0,6.0,5.0,12.0,4.0,6.0,5.0,11.0,3.0,1.0,4.0,5.0,2.0,3.0,3.0,3.0,6.0,4.0,4.0,3.0,59,"fashion,men,india,love,style,delhi,photography,beard,get,shirt,vintage,portrait,beautiful,wash,aesthetic,look,credit,tumblr,menswear,man"
142,https://www.instagram.com/simplyshalini/,3.0,3.0,17.0,17.0,2.0,3.0,5.0,2.0,5.0,3.0,2.0,3.0,4.0,2.0,2.0,3.0,4.0,6.0,4.0,3.0,4.0,89,"makeup,skin,beauty,link,bio,products,video,skincare,lipstick,page,giveaway,face,matte,lip,powder,look,new,foundation,used,palette"
147,https://www.instagram.com/wannaeat16/,49.0,2.0,2.0,3.0,1.0,2.0,3.0,2.0,5.0,1.0,2.0,2.0,4.0,1.0,3.0,1.0,1.0,5.0,2.0,3.0,5.0,75,"updates,yummy,foodism,tasty,foodies,dinner,hungry,pizza,veg,frame,nd,love,food,nin,homemade,rice,paneer,aloo,guys,soya"
148,https://www.instagram.com/aakshiikashyap/,2.0,4.0,13.0,11.0,3.0,3.0,6.0,1.0,7.0,5.0,1.0,4.0,4.0,2.0,3.0,3.0,3.0,8.0,8.0,5.0,4.0,81,"love,skin,one,get,new,makeup,time,happy,range,official,products,skincare,day,look,always,code,lipsticks,fashion,best,india"
150,https://www.instagram.com/a.cup.of.vish/,2.0,24.0,6.0,5.0,6.0,4.0,6.0,2.0,5.0,3.0,1.0,5.0,7.0,1.0,2.0,2.0,2.0,7.0,3.0,4.0,3.0,54,"fashionista,trendsetter,blogger,love,look,season,outfit,dress,shot,super,amazing,one,get,gorgeous,new,festive,wedding,vogue,portraiture,makeup"
151,https://www.instagram.com/popxogirls/,2.0,6.0,9.0,5.0,2.0,3.0,4.0,5.0,3.0,5.0,2.0,8.0,9.0,0.0,3.0,3.0,8.0,9.0,3.0,8.0,5.0,70,"cute,link,bio,special,something,pic,cannes,bollywood,girls,nis,nin,fashionista,featuring,promotions,paid,frame,foto,today,cutie,beauty"
153,https://www.instagram.com/marsplayco/,2.0,12.0,5.0,3.0,4.0,3.0,5.0,3.0,11.0,5.0,1.0,5.0,5.0,2.0,4.0,2.0,2.0,15.0,4.0,5.0,5.0,74,"blogger,style,contest,app,look,fashion,photoshop,outfit,inspiration,looks,featuring,editing,prompt,love,check,participate,comment,win,day,one"
155,https://www.instagram.com/thoughtful_writer/,1.0,0.0,2.0,2.0,4.0,1.0,5.0,8.0,3.0,4.0,0.0,9.0,7.0,1.0,4.0,4.0,3.0,27.0,4.0,4.0,9.0,35,"writer,thoughtful,blogger,motivation,poetry,writings,writers,poems,love,poet,prose,poets,life,lovelife,heartbreak,betrayal,feel,bloggers,lust,betrayed"
161,https://www.instagram.com/kaim_sardari_official/,3.0,25.0,4.0,2.0,7.0,3.0,8.0,6.0,2.0,2.0,2.0,5.0,8.0,1.0,2.0,1.0,3.0,5.0,3.0,2.0,5.0,73,"official,sardar,menswear,clothing,blogger,fashion,combination,models,trendy,page,dapper,inspiration,outfit,style,hd,message,us,photo,photos,share"
168,https://www.instagram.com/vrushabshigwan/,1.0,10.0,6.0,5.0,7.0,3.0,13.0,6.0,4.0,3.0,1.0,5.0,7.0,1.0,3.0,2.0,2.0,8.0,3.0,7.0,3.0,55,"blogger,photogenic,taps,photography,life,menswear,mumbai,ethnic,united,blogs,ur,fun,love,bless,day,god,blacks,black,fashion,good"
171,https://www.instagram.com/sudhavaranasi/,2.0,1.0,4.0,3.0,4.0,3.0,22.0,5.0,13.0,4.0,1.0,4.0,4.0,1.0,3.0,3.0,3.0,8.0,3.0,5.0,4.0,58,"throwback,post,tbt,blogger,blog,people,one,trekker,check,latest,new,time,day,back,weekend,year,memories,peace,another,hope"
172,https://www.instagram.com/i_m_indira/,2.0,8.0,9.0,13.0,7.0,3.0,5.0,1.0,6.0,3.0,2.0,3.0,6.0,2.0,3.0,3.0,4.0,8.0,4.0,4.0,5.0,74,"kolkata,ig,fashion,style,makeup,love,skin,calcutta,lanes,blogger,look,india,get,skincare,link,page,also,amazing,hair,products"
174,https://www.instagram.com/lovinanayak15/,2.0,7.0,9.0,9.0,4.0,4.0,6.0,2.0,6.0,4.0,1.0,5.0,5.0,2.0,3.0,4.0,3.0,10.0,5.0,6.0,4.0,70,"love,beautiful,fashion,dusky,amazing,style,black,brown,blogger,smile,guys,bold,trend,look,makeup,blue,trending,top,white,collab"
177,https://www.instagram.com/_urvee_/,2.0,7.0,12.0,5.0,3.0,3.0,13.0,2.0,6.0,4.0,1.0,4.0,4.0,2.0,3.0,3.0,3.0,9.0,4.0,6.0,4.0,98,"giveaway,products,one,love,look,time,photo,day,get,skin,skincare,outfit,life,wait,know,makeup,also,stories,tag,want"
179,https://www.instagram.com/amritasahneyy/,1.0,25.0,3.0,3.0,16.0,2.0,14.0,1.0,5.0,2.0,1.0,3.0,5.0,0.0,2.0,2.0,1.0,5.0,2.0,5.0,2.0,39,"style,blogger,fashion,fit,india,travel,girl,love,happy,cute,mumbai,vacation,pretty,fitness,basic,grunge,casual,dubai,black,aesthetic"
187,https://www.instagram.com/akshayajay11/,1.0,7.0,4.0,2.0,4.0,2.0,8.0,4.0,9.0,7.0,1.0,3.0,5.0,2.0,4.0,2.0,3.0,14.0,2.0,9.0,5.0,60,"life,happy,nike,fashion,adidas,happiness,love,blogger,blogging,young,hope,money,streetwear,peace,journey,free,fun,bird,repost,time"
191,https://www.instagram.com/thestylistnut/,4.0,18.0,6.0,6.0,9.0,2.0,4.0,4.0,5.0,3.0,1.0,5.0,7.0,1.0,2.0,2.0,2.0,7.0,5.0,4.0,3.0,44,"blogger,de,fashionista,patel,photoshoot,girl,shoot,cute,face,smile,pose,navratri,good,sunday,creativity,product,charcoal,happy,saree,best"
194,https://www.instagram.com/mutiyaraan/,2.0,9.0,7.0,5.0,2.0,2.0,5.0,4.0,4.0,3.0,1.0,11.0,14.0,2.0,3.0,3.0,1.0,5.0,4.0,4.0,8.0,42,"punjabi,singer,bollywood,sardar,page,chandigarh,tag,keep,supporting,tadka,modeling,awesome,official,insta,model,canada,posts,gymnastics,pind,wale"
195,https://www.instagram.com/photoholic_krishna_/,0.0,17.0,3.0,2.0,6.0,1.0,23.0,19.0,1.0,0.0,2.0,2.0,8.0,0.0,0.0,1.0,1.0,4.0,7.0,0.0,3.0,30,"portrait,mumbai,photographers,india,diaries,mood,nikon,portraits,vision,photography,frame,ig,clicks,corona,official,undiscovered,nin,mua,shoot,babelicious"
196,https://www.instagram.com/ritcha/,3.0,4.0,6.0,5.0,7.0,3.0,7.0,2.0,8.0,5.0,1.0,5.0,4.0,2.0,4.0,4.0,4.0,11.0,4.0,8.0,4.0,78,"love,one,time,happy,day,also,make,india,know,get,style,fashion,life,see,much,always,stunning,going,us,new"
197,https://www.instagram.com/talksassy/,2.0,5.0,12.0,16.0,8.0,3.0,6.0,2.0,6.0,4.0,1.0,4.0,4.0,2.0,3.0,3.0,3.0,7.0,3.0,5.0,3.0,64,"skin,baby,one,love,reel,reels,photography,india,products,know,free,look,time,day,diwali,much,way,ad,hair,really"
198,https://www.instagram.com/kimaayasharmaa/,2.0,8.0,7.0,12.0,7.0,4.0,6.0,2.0,6.0,4.0,2.0,3.0,5.0,2.0,3.0,3.0,4.0,9.0,4.0,5.0,4.0,87,"love,wearing,use,hair,guys,link,http,id,code,happy,get,bit,ly,dress,look,orders,search,pune,lip,top"
199,https://www.instagram.com/styleawhileofficial/,2.0,8.0,5.0,4.0,9.0,3.0,5.0,2.0,14.0,4.0,1.0,4.0,5.0,2.0,3.0,3.0,4.0,9.0,4.0,5.0,4.0,79,"love,get,skin,day,new,blogger,life,fashion,happy,make,style,code,fitness,one,never,outfit,always,stylist,today,guys"
200,https://www.instagram.com/dapperlytamed/,1.0,20.0,6.0,2.0,19.0,3.0,9.0,2.0,4.0,3.0,1.0,3.0,3.0,1.0,2.0,2.0,2.0,7.0,2.0,4.0,3.0,52,"menswear,debonair,fashion,outfit,one,look,love,photography,style,black,travel,details,london,tap,make,winner,new,people,white,movies"
204,https://www.instagram.com/swatinagpal23/,1.0,21.0,5.0,3.0,12.0,3.0,8.0,7.0,4.0,3.0,1.0,3.0,5.0,1.0,2.0,2.0,3.0,8.0,2.0,4.0,3.0,45,"fashion,lifestyle,worldwide,lookbook,bio,new,love,blog,pictures,link,happy,channel,video,smile,always,black,wedding,birthday,life,us"
211,https://www.instagram.com/sublimesphotobook/,1.0,20.0,4.0,6.0,12.0,2.0,5.0,19.0,1.0,1.0,1.0,5.0,5.0,1.0,1.0,2.0,1.0,3.0,8.0,2.0,2.0,42,"bong,model,boudoir,fashion,world,blogger,sexy,sensuality,portrait,bold,photographer,photography,hot,beauty,portraits,muse,seductive,portfolio,monochrome,nude"
214,https://www.instagram.com/deepshikha_patel_/,2.0,4.0,33.0,7.0,3.0,3.0,6.0,2.0,4.0,2.0,1.0,3.0,4.0,1.0,2.0,2.0,2.0,5.0,8.0,2.0,4.0,73,"makeup,mua,palette,undiscovered,look,patel,concealer,used,eyeshadow,eyeliner,highlighter,pomade,products,indian,foundation,lavish,society,tutorial,powder,matte"
216,https://www.instagram.com/mr.chintesh/,1.0,8.0,8.0,6.0,5.0,2.0,4.0,9.0,7.0,3.0,1.0,7.0,9.0,1.0,1.0,2.0,2.0,10.0,6.0,5.0,5.0,42,"surat,photoshoot,insta,model,modeling,portraits,photography,photographer,party,eyes,pose,indian,india,fashion,style,life,gentleman,attitude,happy,person"
220,https://www.instagram.com/indian_thread_art/,3.0,6.0,9.0,5.0,4.0,3.0,6.0,5.0,8.0,4.0,2.0,4.0,7.0,4.0,3.0,1.0,4.0,5.0,9.0,4.0,7.0,55,"delivery,order,pre,min,dm,matte,finish,days,swipe,left,premium,quality,set,necklace,indian,thread,art,cz,earrings,stone"
223,https://www.instagram.com/zishita/,2.0,15.0,5.0,5.0,11.0,3.0,6.0,3.0,6.0,4.0,1.0,4.0,4.0,1.0,3.0,3.0,3.0,10.0,3.0,5.0,4.0,64,"style,love,portrait,clicked,happy,boho,fashion,look,life,make,vision,photography,shot,time,hashtag,best,also,ethnic,goodnight,one"
225,https://www.instagram.com/rashikashish/,3.0,12.0,9.0,8.0,4.0,3.0,7.0,2.0,5.0,4.0,2.0,5.0,5.0,2.0,3.0,3.0,2.0,10.0,3.0,8.0,3.0,51,"summer,love,outfit,style,makeup,fashion,india,lookbook,ethnic,wedding,bridal,desi,red,bride,concepts,beauty,styling,er,sunday,haul"
239,https://www.instagram.com/boredofbasik/,2.0,18.0,7.0,7.0,7.0,3.0,16.0,3.0,4.0,3.0,1.0,3.0,4.0,1.0,2.0,2.0,2.0,6.0,4.0,4.0,4.0,53,"bob,fashion,chennai,happy,blogger,smile,travel,wanderlust,style,saree,love,london,photography,blog,dubai,beauty,vacation,look,summer,fun"
244,https://www.instagram.com/dlfpromenade/,2.0,9.0,4.0,3.0,3.0,5.0,15.0,2.0,6.0,5.0,2.0,5.0,5.0,2.0,3.0,2.0,2.0,8.0,6.0,6.0,5.0,82,"shopping,repost,promenade,shop,win,get,chance,india,us,new,delhi,love,day,fashion,stand,food,one,best,live,time"
245,https://www.instagram.com/sunshined_18/,2.0,9.0,6.0,4.0,5.0,3.0,7.0,1.0,8.0,6.0,2.0,4.0,4.0,2.0,2.0,4.0,4.0,14.0,3.0,8.0,4.0,88,"life,happy,love,soul,go,fashion,people,make,tell,get,know,makes,let,look,one,travel,take,always,good,give"
247,https://www.instagram.com/84bongully/,3.0,6.0,6.0,5.0,5.0,3.0,6.0,2.0,13.0,4.0,1.0,5.0,4.0,2.0,3.0,4.0,3.0,11.0,5.0,5.0,4.0,85,"love,calcutta,one,us,fashion,lookbook,look,saree,time,art,style,life,stylebook,let,two,first,back,go,always,also"
252,https://www.instagram.com/urmidaga/,3.0,9.0,7.0,5.0,6.0,4.0,7.0,2.0,6.0,4.0,1.0,4.0,6.0,2.0,2.0,3.0,3.0,9.0,4.0,7.0,6.0,75,"blog,blogger,wedding,one,love,outfit,https,bali,day,look,wearing,dress,new,photo,time,angle,also,always,zara,bag"
253,https://www.instagram.com/blogwithmshighheels/,14.0,6.0,9.0,13.0,6.0,3.0,6.0,1.0,5.0,3.0,1.0,3.0,4.0,1.0,2.0,2.0,2.0,6.0,4.0,3.0,3.0,77,"makeup,food,mua,shade,beauty,used,look,one,make,foodie,reels,mumbai,love,reel,powder,products,new,get,portrait,lipstick"
255,https://www.instagram.com/swathihariharan/,2.0,4.0,4.0,3.0,3.0,4.0,20.0,2.0,7.0,4.0,1.0,4.0,4.0,2.0,4.0,4.0,4.0,10.0,3.0,6.0,3.0,75,"bangalore,travel,one,time,also,india,video,things,many,get,place,know,day,much,use,go,beautiful,picture,back,people"
259,https://www.instagram.com/lafoodtales/,13.0,2.0,3.0,3.0,4.0,3.0,6.0,2.0,9.0,5.0,2.0,5.0,6.0,3.0,3.0,2.0,4.0,9.0,5.0,6.0,6.0,89,"post,food,get,new,also,picture,whenever,turn,notification,notified,share,following,journey,keep,pizza,place,price,one,use,cheese"
261,https://www.instagram.com/jspwrites/,4.0,5.0,4.0,3.0,2.0,3.0,11.0,16.0,5.0,3.0,1.0,5.0,6.0,1.0,4.0,3.0,3.0,8.0,5.0,4.0,5.0,57,"ahmedabad,travel,blogger,bloggers,foodie,motivation,lovely,writer,sayings,entrepreneur,motivational,photoshoot,photographer,time,fashion,photography,food,yummy,mumbai,candid"
262,https://www.instagram.com/pretty.littleblog/,22.0,2.0,5.0,4.0,7.0,3.0,7.0,1.0,6.0,4.0,1.0,3.0,4.0,1.0,2.0,3.0,2.0,8.0,7.0,5.0,3.0,69,"mumbai,one,chocolate,pretty,also,little,love,gorgeous,coffee,delicious,go,got,aesthetic,absolutely,new,beautiful,always,cake,greece,right"
271,https://www.instagram.com/pritesh_burman/,2.0,8.0,10.0,7.0,5.0,2.0,5.0,7.0,6.0,5.0,1.0,4.0,4.0,3.0,1.0,3.0,2.0,10.0,5.0,5.0,3.0,55,"tattoo,blogger,outfits,theme,poser,outdoors,haircolor,styler,smile,trending,brand,glasses,canon,love,photography,know,one,clothes,ganesh,good"
276,https://www.instagram.com/namastemumbai/,21.0,2.0,4.0,4.0,3.0,4.0,7.0,3.0,7.0,3.0,2.0,4.0,6.0,1.0,3.0,3.0,2.0,8.0,4.0,4.0,3.0,76,"mumbai,food,blogger,frame,us,update,foodie,amazing,restaurant,foods,foodies,order,foody,lense,chicken,delicious,visit,drink,taste,place"
278,https://www.instagram.com/blowsomelove/,5.0,8.0,6.0,5.0,5.0,4.0,6.0,2.0,8.0,5.0,1.0,3.0,4.0,2.0,3.0,4.0,4.0,11.0,4.0,7.0,4.0,98,"hm,beard,man,one,go,outfit,love,body,photographer,keep,black,best,details,shirt,zara,coral,women,time,oil,product"
279,https://www.instagram.com/mumbaifoodie/,17.0,3.0,4.0,3.0,3.0,4.0,7.0,1.0,8.0,5.0,2.0,5.0,5.0,2.0,3.0,3.0,3.0,8.0,4.0,5.0,4.0,95,"menu,food,one,new,get,christmas,best,us,win,love,make,mumbai,pizza,order,chocolate,check,free,made,right,chicken"
282,https://www.instagram.com/stylesavitri/,2.0,7.0,10.0,7.0,12.0,4.0,6.0,2.0,6.0,4.0,1.0,3.0,4.0,1.0,3.0,4.0,3.0,8.0,5.0,4.0,5.0,97,"look,capture,outfit,earrings,dress,wearing,top,love,blog,soon,saree,hand,shirt,black,tuned,stay,bio,jewelry,complete,neckpiece"
283,https://www.instagram.com/themaverickchick/,1.0,6.0,3.0,3.0,6.0,4.0,9.0,2.0,5.0,5.0,1.0,14.0,9.0,2.0,1.0,2.0,3.0,13.0,5.0,5.0,2.0,61,"dreams,free,model,passion,mumbai,maverick,nonconformist,gratitude,wanderlust,blogger,artist,anchor,random,blessed,actress,actor,love,life,portraits,one"
284,https://www.instagram.com/hunger_killer_/,32.0,5.0,2.0,4.0,2.0,3.0,5.0,1.0,7.0,1.0,1.0,5.0,9.0,1.0,2.0,2.0,2.0,4.0,4.0,6.0,2.0,59,"food,foodie,delhi,hunger,killer,veggies,desi,foodies,tag,cheese,delicious,blogger,friends,dinner,lunch,lovers,pizza,homemade,updates,regular"
285,https://www.instagram.com/soniamakhija/,7.0,5.0,5.0,4.0,3.0,4.0,8.0,2.0,7.0,4.0,1.0,5.0,6.0,1.0,3.0,3.0,3.0,10.0,4.0,6.0,6.0,70,"jaipur,wale,amazing,city,one,beautiful,freedom,zara,food,fitness,xoxo,love,place,perfect,time,try,day,got,look,lens"
288,https://www.instagram.com/foodmaniacindia/,35.0,3.0,4.0,4.0,2.0,3.0,6.0,2.0,5.0,3.0,2.0,4.0,9.0,1.0,2.0,3.0,2.0,5.0,2.0,4.0,2.0,66,"mumbai,delhi,tag,ig,bombay,cheese,pizza,try,chicken,india,pic,fries,friends,squad,weekend,dosa,food,cravings,pav,sunday"
290,https://www.instagram.com/arashu_g/,5.0,13.0,6.0,13.0,4.0,3.0,4.0,1.0,13.0,3.0,1.0,4.0,5.0,1.0,2.0,3.0,3.0,7.0,2.0,4.0,3.0,62,"poser,curvy,fashionable,fashion,f2f,fashionista,blogger,chandigarh,skin,hair,dm,buy,product,photoshoot,smile,life,love,face,day,model"
292,https://www.instagram.com/qualitycontents/,2.0,22.0,4.0,5.0,8.0,1.0,7.0,5.0,4.0,2.0,1.0,5.0,5.0,3.0,2.0,2.0,2.0,7.0,4.0,4.0,4.0,47,"credit,pic,shouts,us,page,india,feature,best,use,hashtag,ones,diaries,fashionable,one,ig,desi,bloggers,lookbook,delhi,dm"
294,https://www.instagram.com/thesoboguys/,1.0,7.0,5.0,3.0,3.0,8.0,12.0,1.0,13.0,5.0,1.0,4.0,4.0,2.0,3.0,3.0,3.0,9.0,3.0,6.0,3.0,88,"love,new,life,day,one,twins,india,us,weekend,mumbai,time,sunday,get,good,year,wearing,shirt,never,happy,best"
297,https://www.instagram.com/phenomenalexplorers/,4.0,15.0,6.0,6.0,10.0,3.0,12.0,5.0,5.0,3.0,1.0,4.0,4.0,1.0,2.0,2.0,2.0,5.0,4.0,3.0,3.0,71,"photography,makeup,frame,courtesy,mumbai,outfit,designer,label,blogpost,hair,fashion,indian,nk,blogger,lifestyle,perfect,location,look,kurti,collection"
299,https://www.instagram.com/_mihirjariwala_/,12.0,14.0,5.0,3.0,9.0,4.0,8.0,2.0,5.0,3.0,1.0,7.0,4.0,2.0,2.0,2.0,2.0,6.0,3.0,4.0,3.0,47,"styling,hyderabad,modeling,indian,new,likes,snap,photographs,hair,traditional,one,india,fashion,place,fun,love,make,get,life,model"
300,https://www.instagram.com/vikrant.tamhane/,11.0,2.0,5.0,4.0,2.0,3.0,5.0,1.0,14.0,4.0,1.0,6.0,7.0,1.0,3.0,3.0,4.0,11.0,3.0,5.0,4.0,91,"hai,eat,ki,burger,ke,food,first,chicken,main,delicious,home,eating,would,dal,made,thank,chole,fish,get,ka"
301,https://www.instagram.com/half.plate/,33.0,2.0,4.0,4.0,3.0,3.0,6.0,2.0,8.0,4.0,1.0,3.0,3.0,1.0,2.0,3.0,2.0,6.0,3.0,4.0,2.0,67,"cheese,plate,half,food,updates,chandigarh,nonvegetarian,foodie,chicken,portraits,foodies,huff,feed,yummy,taste,good,city,one,goodness,day"
302,https://www.instagram.com/imstill_hungry_/,34.0,2.0,3.0,3.0,3.0,4.0,5.0,1.0,9.0,4.0,1.0,4.0,4.0,1.0,2.0,3.0,3.0,7.0,2.0,3.0,4.0,72,"hungry,place,post,notification,turn,try,must,amazing,chicken,food,taste,paneer,good,delicious,dosa,cheese,best,pizza,chat,trending"
303,https://www.instagram.com/kaapidaw/,40.0,2.0,3.0,4.0,2.0,3.0,10.0,1.0,7.0,2.0,1.0,2.0,4.0,1.0,2.0,3.0,1.0,4.0,2.0,3.0,2.0,67,"vegetarian,today,lunch,plate,rice,vegan,foodie,chutney,lunchbox,coz,tomato,pulao,yum,veggie,masala,coconut,paneer,salad,roast,ghee"
304,https://www.instagram.com/thefoodyjournal/,41.0,2.0,3.0,4.0,3.0,4.0,5.0,1.0,6.0,2.0,1.0,3.0,4.0,1.0,2.0,3.0,2.0,6.0,3.0,4.0,2.0,57,"food,love,yummy,chocolate,delicious,sweet,tasty,amazing,chicken,eat,hungry,yum,delish,foods,mumbai,eating,foodie,cake,dessert,frame"
307,https://www.instagram.com/thegreatindianfoodie/,18.0,2.0,4.0,5.0,2.0,3.0,7.0,2.0,7.0,5.0,2.0,5.0,6.0,3.0,3.0,3.0,3.0,9.0,3.0,5.0,3.0,94,"love,would,someone,tag,jain,youtube,right,delhi,one,good,great,tsp,n1,today,tbsp,indian,add,food,channel,foodie"
308,https://www.instagram.com/travellersdeliciouslife/,32.0,1.0,1.0,3.0,3.0,4.0,7.0,2.0,6.0,3.0,1.0,4.0,4.0,3.0,3.0,4.0,4.0,6.0,3.0,4.0,3.0,78,"reserved,rights,food,content,us,respective,lover,credits,owner,gluttony,daily,true,dose,calories,owners,foodie,photographer,momos,use,mumbai"
310,https://www.instagram.com/foodie_neighbour/,39.0,4.0,3.0,3.0,4.0,2.0,4.0,1.0,5.0,3.0,1.0,2.0,7.0,2.0,1.0,2.0,2.0,4.0,5.0,4.0,1.0,60,"foodie,share,delhi,foodies,trending,homemade,mumbai,nlike,shots,healthy,pizza,cheese,yummy,spicy,paneer,chicken,itz,refreshing,recipes,love"
312,https://www.instagram.com/foodiekart/,18.0,2.0,4.0,4.0,4.0,3.0,4.0,1.0,6.0,2.0,1.0,5.0,6.0,1.0,2.0,2.0,3.0,9.0,7.0,4.0,8.0,78,"kota,humko,baba,na,jaipur,get,love,happy,views,ki,food,ko,kya,dm,hair,taste,ye,amazing,also,made"
314,https://www.instagram.com/foodswingsbymad/,42.0,2.0,2.0,3.0,1.0,2.0,3.0,1.0,4.0,12.0,1.0,3.0,4.0,1.0,2.0,2.0,2.0,4.0,3.0,3.0,2.0,64,"food,foodie,love,chicken,homemade,delhi,recipe,delicious,weekend,best,dessert,paneer,updates,sweets,places,tasty,dine,cooking,homecooked,chocolate"
317,https://www.instagram.com/chandigarh_foodaholic/,43.0,3.0,4.0,2.0,1.0,2.0,3.0,2.0,4.0,2.0,1.0,3.0,6.0,1.0,1.0,2.0,2.0,4.0,3.0,2.0,7.0,54,"chandigarh,foodie,food,foody,delhi,rating,sector,diaries,mumbai,taste,pizza,tried,delicious,momos,paneer,love,best,cheese,good,veg"
320,https://www.instagram.com/thatgoangirl/,17.0,2.0,4.0,3.0,3.0,4.0,16.0,1.0,7.0,4.0,1.0,4.0,4.0,1.0,3.0,3.0,3.0,8.0,3.0,5.0,3.0,71,"goa,one,food,india,time,place,mumbai,new,day,blog,days,restaurant,ig,post,every,know,menu,little,best,get"
322,https://www.instagram.com/thehungrycancerian/,20.0,2.0,4.0,4.0,4.0,4.0,7.0,1.0,8.0,4.0,1.0,5.0,5.0,2.0,3.0,4.0,3.0,7.0,4.0,5.0,3.0,89,"get,featured,use,food,homemade,one,chicken,chocolate,delicious,cheese,place,tag,menu,healthy,sunday,also,picture,lunch,mumbai,someone"
323,https://www.instagram.com/gluttonyguilts/,26.0,2.0,2.0,3.0,4.0,2.0,14.0,4.0,5.0,2.0,3.0,2.0,6.0,2.0,2.0,3.0,3.0,5.0,5.0,4.0,3.0,63,"rights,reserved,journey,gluttony,reposts,filled,microblogging,blogging,tagged,except,foodie,blogger,food,yummy,photography,available,homemade,tasty,link,bio"
324,https://www.instagram.com/thepsychologicalfoodie/,41.0,3.0,2.0,3.0,1.0,3.0,4.0,1.0,6.0,3.0,2.0,4.0,6.0,0.0,1.0,1.0,1.0,6.0,2.0,5.0,2.0,49,"food,india,foodie,weekend,party,happy,yummy,delhi,dessert,love,lunch,homemade,goals,home,thali,yum,chocolate,foods,sweet,milk"
326,https://www.instagram.com/mk_kitchen_/,17.0,3.0,4.0,5.0,3.0,4.0,7.0,2.0,9.0,4.0,1.0,4.0,5.0,2.0,3.0,4.0,3.0,9.0,4.0,5.0,4.0,82,"food,stories,daily,kitchen,foodie,lunch,healthy,breakfast,page,rice,mk,curry,made,vegetarian,day,chicken,dish,us,today,delicious"
327,https://www.instagram.com/foodiesince96/,28.0,2.0,4.0,4.0,3.0,3.0,5.0,1.0,7.0,3.0,2.0,3.0,5.0,2.0,3.0,3.0,2.0,8.0,2.0,4.0,4.0,91,"updates,love,add,delicious,tag,chicken,someone,cheese,pizza,chocolate,yum,best,food,delhi,craving,good,make,happy,recipe,crispy"
331,https://www.instagram.com/foodiee__gabbar/,38.0,2.0,3.0,3.0,6.0,2.0,4.0,2.0,9.0,2.0,1.0,3.0,5.0,1.0,1.0,2.0,2.0,5.0,2.0,3.0,2.0,52,"delhi,foodie,chicken,diaries,gram,blogger,food,chocolate,india,place,burger,pizza,love,day,features,delicious,butter,life,tikka,dessert"
332,https://www.instagram.com/charchennai/,45.0,2.0,3.0,6.0,3.0,2.0,4.0,0.0,7.0,2.0,1.0,3.0,3.0,0.0,1.0,2.0,1.0,4.0,5.0,3.0,2.0,45,"char,foodie,kulfi,binge,love,soda,mouthwatering,tandoori,fastfood,order,food,kebab,tikka,chennai,mutton,muttonchops,got,taste,weekend,perfect"
333,https://www.instagram.com/oh_its_yummmy/,11.0,1.0,3.0,7.0,4.0,3.0,8.0,2.0,8.0,5.0,3.0,1.0,6.0,3.0,4.0,5.0,2.0,9.0,2.0,8.0,5.0,97,"oh,beautiful,updates,daily,desert,food,photography,rights,reserved,credit,owner,chocolate,perfect,skills,yes,delicious,cake,cheese,would,friends"
335,https://www.instagram.com/the.bored.panda/,21.0,2.0,3.0,3.0,3.0,3.0,21.0,2.0,5.0,3.0,1.0,3.0,5.0,1.0,2.0,4.0,1.0,5.0,3.0,6.0,2.0,65,"panda,bored,food,foodie,pune,travel,reviews,experiences,posts,vegetarian,veg,cheese,experience,love,try,wanderlust,one,globetrotter,throwback,cocktails"
339,https://www.instagram.com/foodiepediamumbai/,33.0,2.0,4.0,3.0,6.0,3.0,5.0,2.0,5.0,3.0,1.0,4.0,5.0,1.0,2.0,2.0,2.0,6.0,3.0,4.0,3.0,65,"mumbai,food,chocolate,location,chicken,without,blogger,permission,picture,taste,mango,content,dm,use,repost,reposting,cake,amazing,dessert,recipe"
343,https://www.instagram.com/therawtextures/,19.0,5.0,4.0,4.0,3.0,3.0,11.0,2.0,6.0,3.0,1.0,5.0,4.0,1.0,3.0,4.0,2.0,8.0,3.0,5.0,3.0,79,"chicken,today,lunch,dinner,homecooked,video,bihar,vegetarian,loved,tonight,ki,one,goa,curry,love,soulful,snacks,breakfast,homely,masala"
347,https://www.instagram.com/dietible/,29.0,1.0,5.0,7.0,2.0,1.0,5.0,0.0,19.0,2.0,1.0,1.0,2.0,1.0,1.0,3.0,9.0,4.0,1.0,3.0,2.0,81,"add,powder,salt,water,healthy,seeds,minutes,chilli,cook,garlic,onion,leaves,green,homecooking,take,weightloss,time,mix,let,pepper"
348,https://www.instagram.com/foodtraveler_jaipur/,42.0,3.0,3.0,3.0,2.0,3.0,10.0,1.0,4.0,3.0,1.0,3.0,7.0,1.0,1.0,1.0,1.0,4.0,2.0,3.0,4.0,58,"jaipur,food,taste,pune,foodie,inr,facebook,www,twitter,delicious,yummy,lover,tag,momos,ipl,pizza,love,kachori,paneer,dessert"
349,https://www.instagram.com/hungry_holic/,39.0,1.0,3.0,3.0,2.0,4.0,9.0,2.0,6.0,2.0,1.0,2.0,5.0,1.0,2.0,2.0,2.0,4.0,2.0,3.0,5.0,74,"hungry,holic,food,kababs,pinch,calcutta,chicken,kolkata,http,journey,get,cheesecake,use,tea,tag,feature,featured,frame,ig,visuals"
350,https://www.instagram.com/foodierabbits/,24.0,3.0,3.0,3.0,3.0,2.0,5.0,3.0,7.0,3.0,3.0,5.0,5.0,1.0,3.0,2.0,3.0,7.0,5.0,5.0,5.0,54,"following,keep,updates,foodie,get,use,tag,us,featured,foodism,hashtag,love,pizza,doon,indian,tasty,momos,delicious,chocolate,day"
352,https://www.instagram.com/dhruvrathee/,2.0,2.0,5.0,3.0,2.0,4.0,20.0,3.0,6.0,5.0,3.0,5.0,6.0,2.0,3.0,5.0,3.0,8.0,5.0,5.0,4.0,80,"vlog,link,youtube,blue,travel,new,video,one,see,india,architecture,water,nature,europe,first,history,ice,interview,coming,watch"
353,https://www.instagram.com/top_singer_and_model_/,3.0,8.0,3.0,4.0,5.0,4.0,7.0,4.0,7.0,5.0,1.0,12.0,7.0,2.0,5.0,3.0,7.0,6.0,1.0,3.0,3.0,56,"top,model,singer,mumbai,diaries,stomach,heartburn,surat,food,body,may,effects,side,due,experience,exercise,exercising,leading,people,related"
355,https://www.instagram.com/mostlyshameless/,1.0,3.0,5.0,4.0,4.0,4.0,6.0,4.0,5.0,5.0,2.0,9.0,10.0,1.0,2.0,5.0,3.0,11.0,5.0,8.0,4.0,51,"yay,shameless,chill,vlog,vacay,youtube,congratulations,puppy,surprise,beauty,newyork,un,star,love,throwback,good,mumbai,candid,always,happy"
357,https://www.instagram.com/harshalaa_/,2.0,3.0,6.0,4.0,3.0,3.0,7.0,3.0,8.0,5.0,3.0,6.0,5.0,3.0,3.0,3.0,4.0,11.0,5.0,8.0,5.0,90,"video,new,channel,go,watch,link,also,bio,get,one,story,love,swipe,check,much,already,hair,today,guys,good"
360,https://www.instagram.com/priyanka_osm_/,3.0,5.0,5.0,21.0,2.0,5.0,4.0,3.0,6.0,2.0,5.0,7.0,5.0,3.0,1.0,3.0,5.0,6.0,2.0,4.0,3.0,68,"video,channel,priyanka,bio,link,love,awesome,beautiful,cute,girl,direct,makeup,subscribe,watch,amazing,share,videos,comment,plz,skin"
361,https://www.instagram.com/surajholy/,1.0,1.0,5.0,3.0,3.0,3.0,5.0,1.0,7.0,5.0,1.0,5.0,6.0,2.0,4.0,3.0,5.0,29.0,3.0,6.0,4.0,92,"hai,time,ss,day,life,every,suraj,sharma,post,toh,love,people,want,happy,moment,goals,new,one,things,share"
362,https://www.instagram.com/perkymegs/,2.0,15.0,6.0,13.0,9.0,3.0,5.0,2.0,5.0,3.0,2.0,5.0,4.0,2.0,3.0,2.0,3.0,7.0,3.0,4.0,4.0,73,"video,new,bio,link,festive,love,guys,happy,kurti,ethnic,look,saree,channel,season,pregnancy,looks,always,coming,top,style"
365,https://www.instagram.com/komalsoniofc/,7.0,3.0,5.0,6.0,4.0,3.0,9.0,5.0,6.0,3.0,1.0,3.0,5.0,1.0,3.0,7.0,5.0,8.0,5.0,5.0,5.0,55,"ahmedabad,food,morning,nature,flowers,plants,travel,tropical,breakfast,coi,soi,love,life,woods,business,entrepreneur,book,motivation,inspiration,wanderlust"
367,https://www.instagram.com/nandinikothari07/,1.0,30.0,5.0,5.0,6.0,3.0,9.0,1.0,5.0,5.0,1.0,3.0,2.0,1.0,2.0,2.0,2.0,7.0,2.0,5.0,2.0,57,"fashion,outfit,one,video,day,also,outfits,guys,top,time,know,ni,make,style,wear,different,life,summer,abhishek,let"
368,https://www.instagram.com/theneelzsh/,4.0,4.0,5.0,5.0,4.0,4.0,12.0,1.0,8.0,4.0,1.0,5.0,5.0,2.0,3.0,3.0,4.0,9.0,4.0,8.0,4.0,79,"milk,know,time,day,hyderabad,one,make,super,video,new,food,fun,rs,great,skin,size,beautiful,go,first,got"
369,https://www.instagram.com/shauryasanadhya/,2.0,7.0,6.0,9.0,5.0,7.0,12.0,3.0,6.0,4.0,1.0,4.0,4.0,2.0,3.0,2.0,3.0,8.0,4.0,5.0,4.0,89,"day,skin,get,makeup,link,bio,guys,love,look,one,hair,outfit,new,video,make,time,products,travel,go,diwali"
381,https://www.instagram.com/comedyhutiyapa/,2.0,0.0,2.0,4.0,2.0,3.0,7.0,4.0,7.0,4.0,4.0,16.0,14.0,2.0,4.0,2.0,0.0,8.0,4.0,8.0,5.0,51,"guys,love,supporting,keep,share,sarcasm,bollywood,indian,chats,bb,shirley,funny,kj,india,lol,memes,sarcastic,memer,friends,tag"
385,https://www.instagram.com/exo_fan_india/,2.0,2.0,3.0,3.0,2.0,3.0,6.0,6.0,5.0,3.0,6.0,8.0,15.0,3.0,2.0,6.0,5.0,7.0,4.0,4.0,6.0,87,"exo,youtube,music,videos,help,official,liked,bio,watch,new,channel,imp,followers,sites,etc,redirect,real,kai,video,post"
396,https://www.instagram.com/shrutiidiwan/,2.0,9.0,8.0,10.0,6.0,3.0,5.0,3.0,6.0,4.0,2.0,4.0,5.0,2.0,3.0,3.0,3.0,9.0,4.0,6.0,4.0,81,"trending,get,today,makeup,video,love,new,skin,fashion,one,look,go,day,time,amazing,hope,indian,trend,also,well"
399,https://www.instagram.com/thehdose/,3.0,3.0,16.0,15.0,2.0,3.0,6.0,2.0,7.0,4.0,2.0,3.0,4.0,2.0,2.0,3.0,4.0,8.0,3.0,5.0,4.0,92,"hair,love,skin,know,video,look,use,good,one,using,time,bio,oil,let,day,link,also,products,lipstick,shampoo"
407,https://www.instagram.com/kolkataportraits/,1.0,7.0,5.0,3.0,6.0,2.0,14.0,11.0,2.0,1.0,6.0,6.0,13.0,0.0,0.0,3.0,3.0,6.0,5.0,3.0,4.0,60,"india,ig,portraits,portrait,calcutta,indian,feature,photographers,photography,tag,kolkata,hashtag,showcase,diaries,use,bong,bengali,frame,mood,clicks"
408,https://www.instagram.com/kajalyadav735/,4.0,17.0,10.0,11.0,5.0,1.0,0.0,6.0,5.0,7.0,0.0,8.0,6.0,0.0,0.0,0.0,0.0,9.0,2.0,7.0,2.0,20,"shout,hairstyle,models,anand,shootout,love,food,smile,happy,photo,yummy,tbt,lover,black,foodie,holi,comment,mind,shoutout,shoutouts"
412,https://www.instagram.com/christal_mua/,2.0,3.0,11.0,16.0,3.0,6.0,6.0,1.0,6.0,7.0,1.0,3.0,4.0,2.0,3.0,3.0,3.0,8.0,4.0,4.0,4.0,82,"makeup,foundation,palette,look,mascara,blush,eye,glow,mua,wedding,powder,one,concealer,lipstick,love,beauty,india,hair,lip,bronzer"
415,https://www.instagram.com/nayana_premnath/,3.0,2.0,5.0,3.0,3.0,3.0,6.0,1.0,9.0,5.0,2.0,4.0,4.0,2.0,3.0,4.0,5.0,22.0,3.0,7.0,4.0,92,"time,one,make,video,know,waste,people,would,day,us,may,get,new,use,even,take,let,try,plastic,much"
418,https://www.instagram.com/hnhcosmeticsclub/,4.0,3.0,11.0,11.0,3.0,4.0,6.0,2.0,8.0,3.0,3.0,3.0,5.0,4.0,4.0,3.0,4.0,7.0,5.0,2.0,6.0,98,"price,order,dm,skin,palette,set,preorder,shades,cosmetics,brush,beauty,lipstick,liquid,eyeshadow,hills,lip,matte,sale,mini,kylie"
422,https://www.instagram.com/rouge.n.shimmer/,4.0,3.0,9.0,23.0,2.0,5.0,5.0,3.0,7.0,3.0,1.0,2.0,3.0,2.0,2.0,4.0,8.0,6.0,3.0,3.0,3.0,82,"skin,passion,face,mask,review,hair,day,oil,use,rs,organic,used,packaging,wash,water,retails,product,pack,dry,also"
424,https://www.instagram.com/alluringfashionistas/,2.0,4.0,12.0,20.0,3.0,4.0,5.0,2.0,6.0,4.0,1.0,2.0,4.0,2.0,2.0,3.0,3.0,8.0,3.0,5.0,4.0,76,"look,skin,fashionistas,know,let,face,products,review,oil,looks,one,makeup,shade,used,also,product,new,skincare,hair,lipstick"
425,https://www.instagram.com/beautyfitnessfunda/,2.0,6.0,12.0,13.0,5.0,3.0,5.0,2.0,13.0,3.0,1.0,3.0,3.0,2.0,2.0,3.0,3.0,7.0,3.0,4.0,3.0,76,"skin,get,products,look,also,face,hair,free,using,one,new,india,link,use,good,well,know,let,makeup,want"
426,https://www.instagram.com/sufispeakss/,3.0,6.0,9.0,8.0,9.0,4.0,6.0,2.0,7.0,8.0,1.0,3.0,4.0,2.0,2.0,3.0,3.0,8.0,4.0,5.0,4.0,77,"look,shade,styling,skin,reviews,one,hair,lookbook,love,skincare,beautiful,blog,lips,good,would,day,beauty,happy,celebration,matte"
436,https://www.instagram.com/the_entertainers_shoutout/,1.0,9.0,4.0,8.0,5.0,5.0,6.0,7.0,3.0,4.0,1.0,12.0,15.0,1.0,2.0,2.0,1.0,5.0,3.0,2.0,2.0,49,"entertainers,official,shoutout,sachin,fab,gorgeous,stunning,attractive,pic,damm,glam,sizzling,us,glamourous,fabulous,beauty,girl,beautiful,nin,creative"
437,https://www.instagram.com/joshita_jj/,4.0,3.0,9.0,12.0,3.0,5.0,6.0,2.0,8.0,4.0,1.0,2.0,4.0,2.0,3.0,4.0,5.0,7.0,3.0,3.0,8.0,83,"skin,oil,use,hair,love,soft,well,serum,makes,dry,natural,ingredients,also,mild,products,feel,gets,using,beauty,light"
438,https://www.instagram.com/soumili.mukherjee/,2.0,6.0,7.0,12.0,6.0,3.0,6.0,1.0,7.0,5.0,1.0,4.0,5.0,2.0,3.0,3.0,4.0,8.0,5.0,5.0,4.0,96,"skin,new,hair,get,guys,matte,good,also,love,products,collection,lipstick,cream,free,launched,use,face,arg,perfect,back"
441,https://www.instagram.com/tvakh/,3.0,2.0,7.0,21.0,2.0,9.0,4.0,1.0,7.0,3.0,2.0,2.0,4.0,2.0,3.0,6.0,5.0,6.0,3.0,3.0,4.0,76,"skin,skincare,india,natural,www,vitamin,products,shop,use,us,hair,sunscreen,free,beauty,organic,acne,serum,care,happy,glow"
448,https://www.instagram.com/the_unpredictable_5/,0.0,14.0,5.0,5.0,6.0,2.0,9.0,13.0,2.0,2.0,3.0,4.0,10.0,0.0,1.0,3.0,3.0,7.0,6.0,4.0,2.0,43,"ig,india,potrait,photogram,mood,portrait,kolkata,love,fashion,beauty,photographers,indian,model,shoutout,bengali,everything,style,fashionista,fashionable,asia"
449,https://www.instagram.com/iamanubhaa/,2.0,7.0,31.0,9.0,6.0,3.0,5.0,2.0,3.0,2.0,2.0,3.0,3.0,1.0,2.0,3.0,2.0,5.0,4.0,2.0,3.0,75,"makeup,palette,matte,foundation,powder,blush,concealer,mascara,lipstick,highlighter,pro,hd,primer,lip,used,look,lashes,liquid,fit,perfect"
458,https://www.instagram.com/drishtigwalani/,2.0,12.0,5.0,10.0,4.0,3.0,11.0,2.0,6.0,4.0,2.0,4.0,5.0,1.0,2.0,2.0,3.0,8.0,3.0,6.0,4.0,71,"love,happy,india,saturday,mumbai,fashionista,blogged,vacation,happiness,motivation,fashion,one,style,girls,travel,fun,look,sweet,skin,goa"
459,https://www.instagram.com/lovely_samudrala/,2.0,9.0,7.0,7.0,5.0,4.0,7.0,5.0,6.0,4.0,1.0,5.0,7.0,1.0,3.0,3.0,3.0,8.0,4.0,5.0,4.0,59,"blogger,hyderabad,love,blog,black,lightroom,portrait,summer,quarantine,portraits,ig,streetwear,aesthetic,fashion,tbt,nyc,nature,weekend,denim,smile"
461,https://www.instagram.com/priyaa__yadav__/,1.0,14.0,6.0,16.0,10.0,1.0,5.0,6.0,5.0,2.0,1.0,3.0,7.0,2.0,1.0,2.0,2.0,10.0,3.0,2.0,3.0,41,"love,trending,looks,hm,zara,eyes,hairs,sexy,beautiful,fashion,look,portrait,blogger,portraits,explore,model,hair,mumbai,photography,india"
465,https://www.instagram.com/simbhandari16/,2.0,6.0,6.0,6.0,5.0,3.0,6.0,1.0,8.0,5.0,1.0,5.0,5.0,2.0,3.0,4.0,3.0,13.0,4.0,8.0,4.0,76,"life,birthday,love,likes,happy,way,always,day,look,style,model,bestfriend,fashionista,hair,cute,sun,best,good,heart,need"
469,https://www.instagram.com/onewhodesires/,3.0,6.0,8.0,17.0,4.0,9.0,6.0,3.0,6.0,2.0,1.0,2.0,4.0,2.0,2.0,3.0,7.0,6.0,4.0,3.0,3.0,63,"blessed,style,gratitude,skin,blogger,aesthetic,india,travel,makeup,oil,vintage,elegance,f4,fashionista,photography,winter,dresses,body,look,love"
471,https://www.instagram.com/dimpyscorner/,2.0,8.0,6.0,4.0,6.0,4.0,7.0,2.0,8.0,5.0,2.0,5.0,5.0,2.0,3.0,3.0,4.0,10.0,4.0,7.0,4.0,97,"guys,new,video,day,one,go,look,got,love,know,time,get,see,much,outfit,check,year,also,make,link"
474,https://www.instagram.com/sharvari_prakash/,3.0,9.0,4.0,4.0,7.0,3.0,15.0,2.0,5.0,3.0,2.0,4.0,6.0,2.0,3.0,2.0,3.0,12.0,3.0,4.0,3.0,60,"bangalore,india,official,bollywood,ig,delhi,days,gram,love,get,photography,diaries,skin,desi,cute,photographers,phuket,guys,poker,happy"
478,https://www.instagram.com/ramneeksodhi0/,2.0,6.0,7.0,7.0,3.0,3.0,5.0,2.0,8.0,4.0,1.0,5.0,6.0,2.0,3.0,4.0,5.0,12.0,4.0,7.0,4.0,79,"fashionista,love,hair,fashion,skin,fashionable,one,blogging,life,blogger,products,free,insta,best,vogue,always,get,good,never,natural"
480,https://www.instagram.com/the_tipsytales/,2.0,17.0,5.0,8.0,2.0,5.0,11.0,3.0,10.0,3.0,1.0,3.0,4.0,1.0,2.0,2.0,2.0,8.0,3.0,5.0,3.0,57,"fashion,blogger,portrait,zara,love,outfit,happy,day,life,one,bag,always,look,dress,make,good,photography,diwali,top,get"
482,https://www.instagram.com/thatkaurgirl/,2.0,7.0,6.0,10.0,4.0,3.0,15.0,3.0,6.0,4.0,1.0,4.0,4.0,2.0,3.0,3.0,3.0,8.0,5.0,5.0,4.0,80,"rajasthan,love,one,know,tourism,get,hair,trending,portrait,shots,look,also,portraits,see,let,beautiful,go,time,new,skin"
483,https://www.instagram.com/mr_haanjii/,2.0,17.0,8.0,5.0,11.0,4.0,4.0,2.0,6.0,3.0,1.0,5.0,5.0,1.0,3.0,3.0,3.0,8.0,3.0,5.0,3.0,60,"menswear,vfx,streetwear,gentlemen,sneakers,photography,pc,men,guys,hai,hair,stylish,world,one,miya,style,make,bloggers,love,outfit"
487,https://www.instagram.com/lorrainegonzalves/,2.0,8.0,6.0,5.0,12.0,3.0,6.0,3.0,6.0,4.0,2.0,4.0,6.0,2.0,3.0,3.0,3.0,8.0,5.0,5.0,4.0,64,"blogger,style,fashion,mumbai,india,angle,love,giveaway,styling,skin,one,makeup,get,video,portraits,make,post,new,tumblr,skincare"
494,https://www.instagram.com/muskanrawat/,2.0,6.0,6.0,5.0,4.0,3.0,6.0,11.0,6.0,4.0,1.0,4.0,5.0,2.0,3.0,3.0,3.0,9.0,6.0,5.0,4.0,67,"fashion,aesthetic,fashionable,tutorial,love,mood,blogger,chills,guys,skin,use,one,minimal,know,story,video,florals,editing,look,ni"
497,https://www.instagram.com/sumita_basak/,2.0,14.0,7.0,16.0,7.0,3.0,5.0,3.0,6.0,3.0,1.0,4.0,4.0,1.0,2.0,2.0,3.0,7.0,4.0,4.0,3.0,65,"fashion,explore,love,beauty,portraits,blogger,skin,crew,portrait,reels,fashionista,insta,reel,lipstick,fashionable,fashionistas,products,hair,get,makeup"
503,https://www.instagram.com/siddhaanttanwar/,2.0,19.0,4.0,4.0,7.0,2.0,10.0,2.0,13.0,4.0,1.0,3.0,4.0,2.0,4.0,2.0,2.0,7.0,1.0,5.0,2.0,51,"bloggers,gamechanger,happiness,travel,hardwork,food,young,teens,skin,shirt,hair,look,body,jeans,wear,go,jacket,life,never,natural"
508,https://www.instagram.com/punjabibrizzle/,2.0,9.0,8.0,14.0,5.0,7.0,6.0,1.0,5.0,4.0,2.0,4.0,4.0,2.0,3.0,3.0,2.0,7.0,4.0,5.0,4.0,79,"love,shade,makeup,weekend,ethnic,potrait,summer,wedding,beauty,saturday,palette,friday,lipstick,bollywood,india,chandigarh,day,eyeshadow,happy,dubai"
511,https://www.instagram.com/harsimranoberoi/,2.0,6.0,7.0,6.0,5.0,3.0,6.0,4.0,4.0,3.0,2.0,9.0,8.0,1.0,2.0,3.0,3.0,9.0,6.0,5.0,4.0,68,"actor,blogger,artist,blogging,lookbook,fashion,style,poser,lifestyle,traditional,photography,punjabi,happiness,video,love,mumbai,model,happy,insta,actress"
512,https://www.instagram.com/ahujaanshika/,3.0,13.0,7.0,6.0,8.0,3.0,5.0,3.0,5.0,3.0,1.0,6.0,7.0,1.0,2.0,3.0,3.0,9.0,3.0,5.0,4.0,54,"fashionista,blog,photoshoot,streetwear,blogger,love,credit,classy,beautiful,outfit,chandigarh,quarantine,blogging,one,day,happy,dress,smile,fashion,life"
513,https://www.instagram.com/thesimrankaur_/,1.0,18.0,7.0,3.0,9.0,2.0,5.0,5.0,5.0,3.0,1.0,5.0,7.0,2.0,2.0,2.0,2.0,8.0,4.0,5.0,5.0,64,"chandigarh,punjabi,life,photography,love,india,lifestyle,suit,get,happy,fashion,new,gaana,outfits,guys,suits,pic,time,day,beauty"
514,https://www.instagram.com/ranjam_/,1.0,12.0,7.0,5.0,11.0,3.0,4.0,2.0,5.0,3.0,0.0,3.0,4.0,3.0,1.0,2.0,3.0,17.0,4.0,5.0,3.0,61,"fashionista,fashion,chandigarh,trending,fashionable,trends,trendy,trend,beauty,beautiful,styles,style,streetwear,makeup,life,love,eyeshadow,cosmetics,lips,believe"
515,https://www.instagram.com/sonikapaliya/,1.0,19.0,5.0,3.0,8.0,3.0,5.0,6.0,5.0,4.0,1.0,5.0,6.0,1.0,3.0,3.0,2.0,8.0,4.0,5.0,3.0,53,"photography,fashionista,fashion,insta,lifestyle,blogger,bollywood,photo,collaborations,creds,picture,dev,creation,one,bloggers,freestyling,look,black,pose,throwback"
518,https://www.instagram.com/indian_backpackers_/,40.0,2.0,3.0,2.0,2.0,3.0,5.0,1.0,5.0,3.0,2.0,3.0,6.0,1.0,2.0,2.0,2.0,5.0,2.0,4.0,3.0,61,"indian,backpackers,chandigarh,updates,food,delhi,mumbai,itz,vegetarian,chicken,amazing,love,one,try,comment,biryani,best,sector,good,visit"
523,https://www.instagram.com/actitout2016/,1.0,2.0,5.0,1.0,2.0,2.0,4.0,5.0,6.0,4.0,2.0,27.0,6.0,2.0,5.0,2.0,3.0,8.0,6.0,3.0,5.0,74,"auditions,app,acting,audition,actors,act,films,video,bollywood,actress,casting,aio,actor,talent,upload,model,mumbai,apply,film,webseries"
524,https://www.instagram.com/angel_foodieindia/,22.0,2.0,4.0,3.0,3.0,3.0,10.0,1.0,6.0,3.0,2.0,2.0,6.0,1.0,2.0,3.0,3.0,10.0,3.0,5.0,3.0,80,"angel,food,hope,chandigarh,love,updates,amazing,mood,life,foodie,lit,india,live,meter,get,best,good,pizza,chocolate,cost"
527,https://www.instagram.com/deep.hora/,2.0,3.0,6.0,3.0,5.0,4.0,8.0,2.0,10.0,7.0,2.0,5.0,4.0,1.0,3.0,3.0,4.0,12.0,4.0,8.0,4.0,91,"life,good,day,best,right,get,one,picture,back,fit,time,know,years,wait,outfits,post,summer,got,love,nothing"
530,https://www.instagram.com/travellingscholars/,8.0,3.0,4.0,4.0,3.0,3.0,26.0,3.0,5.0,3.0,2.0,3.0,7.0,1.0,2.0,4.0,2.0,7.0,4.0,3.0,3.0,64,"india,chandigarh,travel,delhi,europe,blogger,asia,pu,place,wanderlust,dish,taste,wanderer,food,love,view,world,australia,foodie,photography"
531,https://www.instagram.com/rare_blooms/,2.0,9.0,8.0,6.0,6.0,3.0,7.0,2.0,6.0,4.0,1.0,7.0,6.0,1.0,2.0,3.0,4.0,12.0,3.0,6.0,3.0,90,"hai,styles,lookbook,indian,love,influencers,dubai,fashion,trendy,beautiful,never,hain,day,made,go,little,life,one,sunday,toh"
532,https://www.instagram.com/i_am_neer/,2.0,15.0,8.0,6.0,4.0,3.0,5.0,2.0,6.0,4.0,1.0,5.0,5.0,2.0,2.0,3.0,6.0,9.0,3.0,5.0,4.0,89,"look,video,love,dress,guys,one,fashion,styling,chandigarh,looks,wearing,hm,outfit,stuff,know,fav,girly,pc,lookbook,wear"
535,https://www.instagram.com/elevators_global/,1.0,18.0,5.0,2.0,3.0,3.0,5.0,8.0,4.0,3.0,1.0,7.0,7.0,5.0,3.0,2.0,1.0,5.0,10.0,3.0,4.0,58,"elevators,chandigarh,fashion,global,show,shoot,frame,model,models,night,scarlet,couture,artist,bloggers,outfit,partners,club,party,repost,makeup"
539,https://www.instagram.com/mrinaaldattblogs/,6.0,11.0,6.0,4.0,4.0,3.0,12.0,2.0,6.0,4.0,1.0,4.0,4.0,2.0,3.0,3.0,3.0,9.0,4.0,6.0,4.0,74,"chandigarh,love,new,one,know,food,get,time,look,happy,ethnic,coffee,great,makeup,day,outfit,life,also,post,let"
541,https://www.instagram.com/dil_e_cious/,18.0,2.0,3.0,5.0,4.0,2.0,9.0,1.0,11.0,3.0,1.0,7.0,9.0,1.0,2.0,2.0,3.0,9.0,2.0,3.0,2.0,79,"dil,cious,food,best,drinks,join,finding,quest,chandigarh,experience,delicious,one,foodie,amazing,coffee,love,good,delhi,mumbai,yes"
550,https://www.instagram.com/foodie_couple_chd/,35.0,3.0,3.0,2.0,2.0,2.0,4.0,1.0,5.0,2.0,1.0,5.0,7.0,1.0,2.0,4.0,2.0,6.0,3.0,4.0,3.0,65,"foodie,couple,daily,updates,location,use,food,chandigarh,chicken,sector,repost,hai,vegetarianism,cheese,delhi,desi,love,veg,nonvegetarian,pizza"
551,https://www.instagram.com/thepunjabichick/,3.0,6.0,6.0,6.0,3.0,3.0,10.0,5.0,7.0,4.0,1.0,4.0,7.0,2.0,3.0,4.0,3.0,9.0,4.0,6.0,5.0,62,"delhi,happy,fashion,love,travel,photography,hot,chandigarh,cp,pune,nature,lightroom,noida,timer,amazing,hotel,throwback,explorer,quarantine,chick"
556,https://www.instagram.com/dates_with_plates_/,30.0,4.0,5.0,2.0,2.0,4.0,6.0,1.0,4.0,2.0,1.0,4.0,3.0,1.0,1.0,4.0,2.0,5.0,4.0,5.0,9.0,65,"dates,plates,foodie,explore,chandigarh,mood,coffee,frame,food,delhi,served,one,chocolate,pizza,delicious,good,dessert,bloggers,blogger,snacks"
558,https://www.instagram.com/styledbymohini/,2.0,12.0,6.0,4.0,6.0,3.0,13.0,2.0,6.0,4.0,2.0,5.0,4.0,2.0,3.0,2.0,3.0,8.0,4.0,6.0,5.0,76,"chandigarh,video,know,youtube,also,today,look,love,go,new,check,fashion,one,link,went,guys,happy,bio,let,birthday"
559,https://www.instagram.com/chandigarh0_1_7_2_/,7.0,7.0,5.0,1.0,1.0,7.0,10.0,3.0,2.0,2.0,8.0,9.0,10.0,0.0,3.0,3.0,0.0,5.0,4.0,6.0,6.0,26,"india,punjab,chandigarh,song,boys,dance,girls,tractor,view,motivation,japan,punjabi,weather,switzerland,page,adult,kiss,stunt,love,motorbikes"
560,https://www.instagram.com/travelling_styling/,1.0,2.0,4.0,4.0,3.0,3.0,34.0,2.0,5.0,3.0,1.0,3.0,6.0,1.0,2.0,4.0,3.0,9.0,3.0,4.0,2.0,67,"love,travel,life,switzerland,globetrotter,nature,travelgirl,beautiful,one,traveler,europe,global,wanderlust,us,philippines,vacations,paris,soul,back,take"
564,https://www.instagram.com/parul_bhonsle/,4.0,4.0,5.0,5.0,10.0,3.0,18.0,2.0,5.0,3.0,1.0,4.0,5.0,1.0,2.0,3.0,3.0,9.0,3.0,5.0,3.0,67,"ig,desi,diaries,pixel,india,one,saree,soi,happy,goa,coi,sunset,handwoven,everyone,handcrafted,lookbook,bikini,mermaid,dairies,wanderlust"
586,https://www.instagram.com/believetravellove/,2.0,2.0,4.0,3.0,3.0,4.0,33.0,2.0,5.0,4.0,1.0,4.0,3.0,1.0,3.0,4.0,3.0,9.0,3.0,5.0,2.0,77,"place,one,travelers,travel,wanderer,japan,also,tbt,travelogue,adventurer,traveling,food,visit,time,dubai,people,wandering,must,beach,trip"
591,https://www.instagram.com/shafaqueeqbal/,2.0,3.0,5.0,4.0,3.0,7.0,11.0,2.0,7.0,4.0,1.0,4.0,4.0,2.0,3.0,4.0,3.0,10.0,4.0,16.0,3.0,99,"hubby,photograph,little,love,super,cute,life,new,one,happy,time,checkout,beautiful,get,collection,baby,absolutely,kids,day,dress"
598,https://www.instagram.com/tarangargi/,1.0,2.0,4.0,3.0,3.0,4.0,36.0,2.0,9.0,3.0,2.0,3.0,4.0,1.0,2.0,3.0,4.0,6.0,3.0,4.0,2.0,60,"travel,india,see,wanderlust,left,love,swipe,beautiful,safari,motivation,traveler,rajasthan,traveling,place,world,asia,indian,beauty,delhi,day"
608,https://www.instagram.com/nomadsofindia/,2.0,2.0,4.0,4.0,2.0,3.0,23.0,4.0,6.0,5.0,2.0,4.0,4.0,2.0,3.0,5.0,3.0,10.0,4.0,6.0,3.0,95,"photo,trek,trekking,fort,india,know,contest,let,weekend,us,maharashtra,one,year,comment,beautiful,mountain,top,mountains,time,photos"
609,https://www.instagram.com/thesassypilgrim/,2.0,2.0,5.0,3.0,3.0,4.0,14.0,2.0,8.0,6.0,2.0,4.0,6.0,2.0,3.0,4.0,4.0,11.0,4.0,7.0,4.0,83,"mumbai,india,ig,one,mexico,trip,best,gram,time,globetrotter,around,world,back,day,go,memories,next,love,much,got"
610,https://www.instagram.com/pratyashasharma/,2.0,4.0,6.0,5.0,4.0,4.0,7.0,1.0,8.0,6.0,1.0,5.0,5.0,2.0,3.0,4.0,4.0,12.0,4.0,8.0,4.0,98,"love,one,get,day,summer,happy,dress,make,beautiful,na,look,ever,people,new,know,feel,things,always,go,shop"
617,https://www.instagram.com/turban_pride_dumalla_lover/,1.0,8.0,10.0,11.0,2.0,1.0,6.0,4.0,1.0,4.0,3.0,9.0,10.0,1.0,3.0,1.0,1.0,13.0,2.0,4.0,5.0,95,"turban,pride,lover,dastar,singh,ji,tag,updates,worldwide,page,punjabi,wale,punjab,sardar,shri,world,surat,fashion,pic,style"
626,https://www.instagram.com/ankkiittaa/,3.0,3.0,5.0,5.0,3.0,3.0,6.0,1.0,10.0,4.0,1.0,3.0,4.0,2.0,3.0,4.0,12.0,12.0,3.0,7.0,4.0,93,"body,design,ni,know,one,indian,day,feel,love,time,good,people,eat,food,also,always,mua,model,better,beautiful"
639,https://www.instagram.com/swatii.chandak/,10.0,5.0,5.0,4.0,3.0,3.0,7.0,1.0,8.0,4.0,1.0,4.0,5.0,2.0,3.0,4.0,4.0,11.0,4.0,6.0,4.0,88,"love,one,well,life,also,amazing,get,add,jaipur,everything,food,day,would,time,india,people,back,never,let,right"
642,https://www.instagram.com/janvi.manchanda/,3.0,4.0,7.0,15.0,3.0,4.0,6.0,2.0,8.0,4.0,1.0,4.0,4.0,2.0,3.0,4.0,4.0,9.0,3.0,6.0,3.0,81,"hair,skin,love,fashionista,get,body,make,blogger,also,oil,day,wash,go,one,products,amazing,photography,product,skincare,beauty"
646,https://www.instagram.com/mr__shakeel/,1.0,15.0,5.0,13.0,15.0,0.0,6.0,3.0,1.0,3.0,1.0,5.0,8.0,2.0,3.0,4.0,1.0,8.0,3.0,1.0,4.0,16,"dil,hairstyles,creation,style,tag,crete,travel,pride,beard,likers,mubarak,pic,liked,liker,last,log,hai,bhi,wala,sirf"
650,https://www.instagram.com/nattysingh/,2.0,3.0,5.0,5.0,3.0,4.0,12.0,5.0,5.0,3.0,3.0,4.0,6.0,2.0,3.0,6.0,4.0,10.0,6.0,6.0,4.0,74,"india,people,portrait,infinity,photographers,ig,one,shots,gujarat,naga,world,goa,photography,undiscovered,humanity,sadhus,also,street,travel,life"
652,https://www.instagram.com/flexcia_dsouza/,5.0,3.0,4.0,3.0,4.0,5.0,13.0,5.0,7.0,5.0,2.0,4.0,5.0,2.0,3.0,5.0,3.0,9.0,4.0,6.0,4.0,77,"goa,india,beach,travel,beautiful,food,karnataka,thailand,weekend,time,place,one,last,trip,back,nepal,coffee,october,day,photos"
655,https://www.instagram.com/achhevichar/,3.0,3.0,3.0,3.0,2.0,3.0,6.0,5.0,3.0,3.0,4.0,6.0,16.0,2.0,5.0,2.0,3.0,17.0,3.0,3.0,7.0,51,"india,hindi,mumbai,delhi,indian,jaipur,love,surat,quotes,ahmedabad,motivation,bollywood,pune,business,chennai,kolkata,guru,patna,shayari,ig"
657,https://www.instagram.com/anshika_nanda/,2.0,20.0,7.0,6.0,7.0,3.0,7.0,4.0,5.0,4.0,1.0,4.0,4.0,1.0,2.0,3.0,2.0,7.0,4.0,5.0,4.0,58,"fashion,style,lookbook,love,portraits,makeup,outfit,look,delhi,indian,diwali,summers,trends,one,summer,zara,trending,jewelry,smile,travel"
663,https://www.instagram.com/indiandresses.co/,1.0,14.0,10.0,9.0,4.0,4.0,9.0,2.0,2.0,1.0,2.0,7.0,5.0,1.0,1.0,1.0,1.0,3.0,13.0,3.0,6.0,42,"love,online,www,co,shop,partywear,lehenga,kurti,traditional,dress,beautiful,sarees,shopping,embroidery,designer,gown,indian,saree,beauty,designerwear"
668,https://www.instagram.com/silverpalace_jewels/,1.0,12.0,8.0,10.0,15.0,7.0,5.0,1.0,1.0,3.0,2.0,2.0,5.0,2.0,2.0,2.0,0.0,3.0,13.0,3.0,3.0,26,"silver,fashion,jewels,mumbai,india,antique,tribal,style,handmade,boho,bohemian,vintage,necklace,handcrafted,exclusive,earrings,beauty,earings,beautiful,jewelry"
669,https://www.instagram.com/bohobazaarfleamarket/,4.0,8.0,5.0,3.0,5.0,5.0,8.0,2.0,4.0,4.0,2.0,6.0,6.0,8.0,3.0,2.0,3.0,6.0,6.0,6.0,6.0,79,"delhi,fleamarket,boho,epic,us,promenade,hub,market,flea,jan,entry,everything,bazaar,home,write,things,contact,inquiries,best,decor"
672,https://www.instagram.com/_pratishtha_sharma/,2.0,13.0,6.0,6.0,10.0,3.0,13.0,3.0,5.0,3.0,1.0,3.0,4.0,1.0,2.0,3.0,2.0,7.0,3.0,4.0,5.0,58,"portrait,fashion,vision,love,skin,tbt,style,portraits,ig,happy,lookbook,lifestyle,life,photography,look,india,influencers,nature,indian,blogger"
674,https://www.instagram.com/nstreetfashion/,2.0,20.0,6.0,7.0,5.0,3.0,6.0,2.0,6.0,4.0,1.0,5.0,4.0,1.0,2.0,3.0,2.0,7.0,4.0,5.0,4.0,63,"love,chennai,fashion,saree,happy,tamil,sexy,sari,one,summer,fashionista,outfit,look,fun,traditional,vr,hair,styling,new,time"
676,https://www.instagram.com/jagronjapneet/,2.0,15.0,5.0,5.0,7.0,2.0,5.0,1.0,18.0,3.0,1.0,3.0,4.0,1.0,3.0,3.0,3.0,9.0,3.0,4.0,3.0,56,"fashion,love,style,outfit,fashionista,lifestyle,clothing,stylist,chandigarh,fitness,trendy,inspiration,motivation,dedication,travel,ripped,shredded,aesthetics,training,transformation"
678,https://www.instagram.com/gaurikarathii/,2.0,7.0,7.0,5.0,6.0,3.0,7.0,2.0,7.0,5.0,1.0,4.0,4.0,2.0,3.0,4.0,3.0,12.0,4.0,7.0,4.0,80,"guys,fashion,blogger,love,also,inspiration,one,know,day,look,fashionista,let,styling,time,happy,wearing,little,always,aesthetics,get"
681,https://www.instagram.com/vogue.invein/,2.0,9.0,6.0,9.0,7.0,4.0,6.0,1.0,7.0,4.0,1.0,4.0,8.0,2.0,3.0,3.0,3.0,9.0,3.0,6.0,4.0,84,"check,also,get,love,one,look,time,skin,go,day,amazing,well,guys,products,great,really,absolutely,new,happy,video"
682,https://www.instagram.com/abhimanika/,1.0,6.0,4.0,4.0,4.0,2.0,5.0,2.0,18.0,9.0,1.0,4.0,4.0,1.0,4.0,3.0,5.0,11.0,3.0,7.0,3.0,78,"fit,fitness,moms,gym,ig,love,get,repost,squats,life,day,strength,squat,one,stronger,university,advice,know,motivate,fashion"
698,https://www.instagram.com/thestylebuzz/,1.0,19.0,8.0,7.0,9.0,4.0,5.0,2.0,4.0,3.0,1.0,3.0,5.0,3.0,4.0,2.0,1.0,4.0,5.0,3.0,6.0,59,"order,earrings,sale,accessories,fashion,jewelry,mumbai,soon,delhi,offer,stylish,earring,tsb,dm,offers,grab,blogger,style,pune,boho"
699,https://www.instagram.com/bridalstylediary/,1.0,21.0,4.0,7.0,4.0,2.0,2.0,7.0,4.0,4.0,2.0,6.0,2.0,1.0,1.0,2.0,3.0,9.0,6.0,7.0,5.0,53,"get,bride,bridal,us,chance,page,featured,pics,along,dm,credits,want,beautiful,jewelry,gold,stylish,fashion,smile,traditional,wedding"
701,https://www.instagram.com/atotalmisfit/,3.0,2.0,5.0,4.0,4.0,3.0,7.0,2.0,10.0,6.0,1.0,4.0,4.0,2.0,4.0,5.0,5.0,14.0,4.0,8.0,5.0,97,"life,time,get,way,day,things,self,take,look,one,always,make,love,good,year,new,start,go,work,right"
702,https://www.instagram.com/priya_priyambada/,2.0,4.0,5.0,4.0,6.0,3.0,8.0,2.0,7.0,5.0,1.0,10.0,5.0,2.0,3.0,4.0,4.0,11.0,4.0,6.0,4.0,70,"lifestyle,travel,nature,fashion,good,life,love,amazing,one,guys,happy,always,also,time,bohemian,get,day,entrepreneur,check,morning"
703,https://www.instagram.com/akansha.sinha/,2.0,18.0,4.0,4.0,12.0,2.0,11.0,2.0,5.0,3.0,1.0,4.0,5.0,1.0,3.0,3.0,4.0,7.0,3.0,4.0,4.0,57,"mushi,sassy,pune,coordinates,fashionista,style,fashion,modeling,get,vogue,love,model,one,mumbai,courtesy,photoshoot,guys,happy,lucknow,hair"
704,https://www.instagram.com/aashiadani/,2.0,8.0,8.0,14.0,5.0,3.0,6.0,2.0,7.0,4.0,1.0,4.0,4.0,2.0,3.0,3.0,3.0,8.0,4.0,5.0,4.0,91,"skin,get,make,hair,products,beauty,look,one,love,face,also,know,free,range,india,super,day,top,favorite,giveaway"
707,https://www.instagram.com/sensekimaaki/,1.0,1.0,3.0,1.0,3.0,1.0,6.0,10.0,3.0,3.0,2.0,5.0,14.0,1.0,2.0,4.0,5.0,14.0,3.0,7.0,12.0,35,"mumbai,ig,feelings,uncensored,diaries,heartbroken,prose,clicks,poems,sad,sadness,delhi,worry,words,poetry,true,love,wordsmith,writers,quotes"
710,https://www.instagram.com/_thestylevibes/,3.0,10.0,6.0,9.0,7.0,4.0,6.0,2.0,6.0,4.0,2.0,3.0,6.0,2.0,3.0,3.0,3.0,8.0,4.0,5.0,4.0,80,"jaipur,amazing,skin,get,code,love,life,blogger,new,beauty,fashion,use,happy,best,top,collection,one,products,day,makeup"
712,https://www.instagram.com/aperfectfusion/,10.0,6.0,4.0,4.0,11.0,3.0,6.0,2.0,7.0,4.0,1.0,4.0,4.0,2.0,3.0,3.0,4.0,9.0,3.0,6.0,3.0,68,"mumbai,beautiful,happiness,love,get,new,one,time,life,make,day,last,also,food,back,go,win,much,wedding,good"
714,https://www.instagram.com/polle4envy/,2.0,6.0,7.0,7.0,8.0,3.0,6.0,2.0,7.0,4.0,1.0,4.0,5.0,2.0,3.0,3.0,4.0,9.0,4.0,6.0,4.0,80,"poser,skin,also,fashionista,look,hair,fashion,products,make,love,one,face,time,day,india,model,guys,blogger,much,saree"
715,https://www.instagram.com/psbypiyushsharma/,1.0,5.0,4.0,4.0,5.0,2.0,9.0,1.0,15.0,4.0,1.0,9.0,5.0,1.0,2.0,3.0,4.0,13.0,2.0,6.0,2.0,53,"love,fitness,mumbai,blogger,share,actor,happiness,life,menswear,delhi,fashion,focus,fashionable,motivation,beautiful,black,ig,zara,health,fashionista"
718,https://www.instagram.com/thefashionchauvinist/,3.0,8.0,6.0,5.0,6.0,4.0,6.0,2.0,7.0,5.0,1.0,4.0,4.0,2.0,3.0,3.0,3.0,12.0,7.0,7.0,4.0,74,"fashion,lifestyle,love,life,time,one,happiness,traditional,inspiration,ethnic,happy,beauty,blogger,grateful,outfit,go,festive,lookbook,know,indian"
719,https://www.instagram.com/mumbai_konkan_ganesh_utsav/,2.0,2.0,6.0,1.0,2.0,1.0,4.0,8.0,3.0,0.0,2.0,9.0,22.0,0.0,5.0,3.0,3.0,12.0,5.0,2.0,8.0,89,"mumbai,ganesh,utsav,ig,hashtag,maharashtra,use,must,festival,photography,india,love,np,diaries,visarjan,uncensored,marathi,mobile,canon,undiscovered"
721,https://www.instagram.com/lost.and.hungry/,11.0,2.0,5.0,3.0,3.0,3.0,7.0,5.0,9.0,5.0,1.0,4.0,4.0,2.0,3.0,3.0,4.0,10.0,4.0,7.0,4.0,98,"food,get,shot,love,want,know,one,make,chocolate,new,photos,photography,cup,year,coffee,back,would,going,need,n1"
728,https://www.instagram.com/unclejacksindia/,14.0,3.0,5.0,4.0,3.0,4.0,8.0,1.0,9.0,4.0,2.0,5.0,6.0,2.0,3.0,3.0,3.0,8.0,4.0,6.0,4.0,65,"uncle,jack,food,foodie,delicious,delhi,fries,today,come,chandigarh,india,love,new,get,nearest,us,mumbai,enjoy,time,day"
729,https://www.instagram.com/itssakshishrivastav/,9.0,13.0,7.0,6.0,7.0,4.0,5.0,1.0,6.0,3.0,1.0,3.0,4.0,1.0,2.0,3.0,3.0,7.0,4.0,5.0,3.0,61,"blogger,fashion,quarantine,black,blog,new,white,blue,diwali,skin,summer,coffee,throwback,us,red,food,get,makeup,day,happy"
730,https://www.instagram.com/yourstrulysaltandpepper/,24.0,2.0,4.0,4.0,2.0,3.0,6.0,2.0,8.0,4.0,1.0,3.0,4.0,1.0,2.0,3.0,3.0,10.0,4.0,6.0,3.0,81,"repost,foodie,food,get,happiness,coffee,amazing,love,chocolate,always,make,delicious,pizza,try,happy,cheese,something,right,need,one"
734,https://www.instagram.com/tie_it_uppp/,0.0,15.0,5.0,4.0,1.0,2.0,11.0,3.0,4.0,1.0,6.0,1.0,9.0,4.0,1.0,3.0,5.0,7.0,3.0,8.0,7.0,48,"us,details,dm,india,slings,bag,duffle,inches,wallets,size,tote,travel,many,color,left,sling,colors,bookings,stock,office"